Index,Skill,Recipe Name,Flux Quality,Flux Level,Confirmed Bad Combo,Component 1,Comp. 1 Level,Component 2,Component 2 Level,Component 3,Comp 3 Level,Component 4,Comp 4 Level,Item Name,Item Level,Role,Tier,Category,Slot / Type,Weight,AC,AC:Weight,Health Regen,Stam Regen,Healing,Haste,Hit,Penetration,Positional,1H Dmg,2H Dmg,Rng Dmg,Damage %,DiceMod,PDR,MDR,CDR,EDR,PDBR,CDBR,EDBR,Combat Mov.,MoveD Resist,Avoid,Resilience,MDBR,Stun Resist,Daze Resist,Conf Resist,Threat,Block,Block Value,Parry,Riposte,Duration (min),Other Stats,Done?,Source (Mob/Quest/Crafted),Notes
,–,–,,,,,,,,,,,,Ancient Battle Banner,5,Sup,,Offhand,Banner,,,,,10,,,,,,,,,,,,,,,,,,9,,,5,,,,,,,,,,,,,Quest: Hallick's Tower,
,–,–,,,,,,,,,,,,Ancient Grimstone Banner,33,Sup,3 Sup,Offhand,Banner,,,,,12,,,,,,,,,,,,,,,,,,7,,,7,7,,,,,,,,,,,,,
,–,–,,,,,,,,,,,,Battle Banner of the Blazing Sun,20,Sup,7 Legend,Offhand,Banner,,,,,25,,,,,,,,,,,,,,,,,,7,,,7,,,,,,,,,,,,,Dryfoot: Capav'lik skull boss,
,–,–,,,,,,,,,,,,Branding Scepter,20,Sup,3 Sup,Offhand,Scepter,,,,,,4,,,,,5,,,,,,,,,,,,,,,,6,,,,,,,,,,,,,
,–,–,,,,,,,,,,,,Brookhollow Battle Banner,20,Sup,,Offhand,Banner,,,,,9,,4,,,,,,,,,,,,,,,,6,,,6,,,,,,,,,,,,,Quest: Freeing the Meadowlands,
,,,,,,,,,,,,,,Burrowing Battle Banner,43,Sup,4 Relic,Offhand,Scepter,,,,,16,,,,,,,,,,,,,,,,,,9,,,9,,13,,,,,,,,,,,Dryfoot Fortress: Master Mali,
,,,,,,,,,,,,,,Chaotic Scepter,10,Sup,2 Adv,Offhand,Scepter,,,,,,3,,,,,3,,,,,,,,,,,,,,,,5,,,,,,,,,,,,,
,–,–,,,,,,,,,,,,Dambreak Scepter,20,Sup,3 Sup,Offhand,Scepter,,,,,,,,36,,,,,,,,,,,,,,,,,,,6,,,,,,,,,,,,Basilisk Run: Stonespear,
,–,–,,,,,,,,,,,,Darkbane Scepter,30,Sup,3 Sup,Offhand,Scepter,,,,,4,5,,,,,6,,,,,,,,,,,,,,,,8,,,,,,,,,,,,,
,–,–,,,,,,,,,,,,Decayed Banner,20,Sup,,Offhand,Banner,,,,,11,,,,,,,,,,,,,,,,,,10,,,10,-5,,,,,,,,,,,,Meadowlands: Forsaken Mistcrawler,
,–,–,,,,,,,,,,,,Dewdrop Scepter,36,Sup,4 Relic,Offhand,Scepter,,,,,,18,,8,,,,,,,,,,,,,,,,,,,10,,,,,,,,,,,,,
,–,–,,,,,,,,,,,,Dimlight Scepter,46,Sup,5 Mythic,Offhand,Scepter,,,,,,22,,,,,,,,,,,,,,,,,,,,2,15,,,,,,,,,,,,Cragscale Caverns: ,
,,,,,,,,,,,,,,Fallen Hero's Banner,10,Sup,4 Relic,Offhand,Banner,,,,,,,,,,,,,,,,,,,,,,,6,,,10,,,,,,,,,,,,,Meadowlands: Mistcrawler?,
,–,–,,,,,,,,,,,,Field Agent's Banner,39,Sup,,Offhand,Banner,,,,,,,20,,,,,,,,,,,,,,,,8,,,8,,,,,,,,,,,,,Quest: Study in Ember,
,–,–,,,,,,,,,,,,Fishing Guild's Banner,25,Sup,4 Relic,Offhand,Banner,,,,,,,,,,,,,,,,,,,,,,,7,11,,7,8,,,,,,,,,,,,Redshore: Exile Fisher?,
,,,,,,,,,,,,,,Freeman's Banner,36,Sup,3 Sup,Offhand,Banner,,,,,,,,,,,,,,,,,,,,,,,8,12,,,,12,12,,,,,,,,,,,
,,,,,,,,,,,,,,Glacial Banner,50,Sup,7 Legend,Offhand,Banner,,,,,41,,,,,,,,,,,,,,,,,,,,9,12,,,,,,,,,,,,,Grizzled Peaks: World Bosses,
,,,,,,,,,,,,,,Glowing Rod,15,Sup,4 Relic,Offhand,Scepter,,,,,,10,,,,,,,,,,,,,,,,,,,,,10,,,,,,,,,,,,,
,–,–,,,,,,,,,,,,Horned Gemstone Scepter,20,Sup,4 Relic,Offhand,Scepter,,,,,,15,,,,,,,,,,,,,,,,,,,,,,,10,,,,,,,,,,Basilisk Run: Shale 3c,
,–,–,,,,,,,,,,,,House Hanse Banner,25,Sup,,Offhand,Banner,,,,,11,,,,,,,,,,,,,,,,,,6,,,9,,,,,,,,,,,,,Quest: Legacy of House Hanse,
,–,–,,,,,,,,,,,,Lucid Battle Banner,20,Sup,4 Relic,Offhand,Banner,,,,,9,,6,,,,,,,,,,,,,,,,7,,,7,,,,,,,,,,,,,"Highland Basin, Arborhoolm: Supple Woodclaimed??",
,–,–,,,,,,,,,,,,Lucky BattleBanner,20,Sup,4 Relic,Offhand,Banner,,,,,7,,7,,,,,,,,,,,,,,,,7,,,7,,,7,,,,,,,,,,,
,,,,,,,,,,,,,,Monarch's Eye,15,Sup,4 Relic,Offhand,Scepter,,,,,,10,,,,,,,,,,,,,,,,,,,,,10,,,,,,,,,,,,,
,,,,,,,,,,,,,,Peridot Scepter,46,Sup,4 Relic,Offhand,Scepter,,,,,,20,,,,,,,,,,,,,,,,,,,,,12,,,,,,,6,,,,,,
,–,–,,,,,,,,,,,,Papyrus Banner,40,Sup,2 Adv,Offhand,Banner,,,,,12,,,,,,,,,,,,,,,,,,8,12,,8,,,,,,,,,,,,,Blight Root Grove: Wright 1c,
,–,–,,,,,,,,,,,,Ravenrock Battle Banner,12,Sup,,Offhand,Banner,,,,,13,,,,,,,,,,,,,,,,,,6,,,6,,,,,,,,,,,,,Quest: Patrolling Northreach,
,–,–,,,,,,,,,,,,Redshore Torn Battle Banner,30,Sup,4 Relic,Offhand,Banner,,,,,10,,,,,,,,,,,,,,,,,,,,,7,,,16,,,,,,,,,,,
,–,–,,,,,,,,,,,,Ripped Tapestry Banner,25,Sup,4 Relic,Offhand,Banner,,,,,8,,,,,,,,,,,,,,,,,,7,,,10,,,,,,,,,,,,,,
,,,,,,,,,,,,,,Ritual Scepter,36,Sup,5 Mythic,Offhand,Scepter,,,,,,19,,,,,,,,,,,,,,,,,,,,,10,,8,,,,,,,,,,,
,,,,,,,,,,,,,,Royal Scepter,20,Sup,5 Mythic,Offhand,Scepter,,,,,,12,6,,,,,,,,,,,,,,,,,,,,8,,,,,,,,,,,,,
,–,–,,,,,,,,,,,,Shining Lotus Scepter,25,Sup,,Offhand,Scepter,,,,,,10,,,,,,,,,,,,,,,,,,,,,8,,,,,,,,,,,,,
,–,–,,,,,,,,,,,,Shining Stone Scepter,30,Sup,6 Legacy,Offhand,Scepter,,,,,,17,,,,,,,,,,,,,,,,,,,,,8,12,12,,,,,,,,,,Grimstone Canyone: Stonecoat Emissary,
,–,–,,,,,,,,,,,,Smugglecraft Battle Banner,5,Sup,,Offhand,Banner,,,,,,,6,,,,,,,,,,,,,,,,5,,,5,,,,,,,,,,,,,Quest: Missing Arms Race,
,,,,,,,,,,,,,,Sovereign's Resolve,40,Sup,4 Mythic,Offhand,Scepter,,,,,,22,,,,,,,,,,,,,,,,,,,,,21,,,,,,,,,,,,,
,–,–,,,,,,,,,,,,Spindled Banner,36,Sup,,Offhand,Banner,,,,,14,,,,,,,,,,,,,,,,,,10,,,10,,,,,,,,,,,,,Redshore Ridge: Spindler,
,–,–,,,,,,,,,,,,Vibrant Redshore Banner,25,Sup,,Offhand,Banner,,,,,18,,,,,,,,,,,,,,,,,,8,,,8,,,,,,,,,,,,,,
,–,–,,,,,,,,,,,,Whispering Scepter,25,Sup,,Offhand,Scepter,,,,,,5,11,,,,,,,,,,,,,,,,,,,,8,,,,,,,,,,,,"Highland Basin, Arborholm: Grove Guardian",
1,Woodworker,Imb. Pine Banner,Rad,35,FALSE,01/Pine,40,01/Linen,40,,,,,Boreal Pine Banner,40,Sup,5 Mythic,Offhand,Banner,,,,,,,,,,,,,,,,,,,,,,,16,,,7,3,6,,6,,,,,,,,,Crafted,
2,Woodworker,Imb. Pine Banner,Rad,45,TRUE,01/Pine,40,01/Linen,40,,,,,Boreal Pine Banner,40,Sup,5 Mythic,Offhand,Banner,,,,,,,,,,,,,,,,,,,,,,,16,,,7,3,6,,6,,,,,,,,,Crafted,
3,Woodworker,Imb. Pine Banner,Rad,50,FALSE,01/Pine,40,01/Linen,40,,,,,Boreal Pine Banner,50,Sup,5 Mythic,Offhand,Banner,,,,,,,,,,,,,,,,,,,,,,,17,,,8,3,6,,6,,,,,,,,,Crafted,
4,Woodworker,Imb. Pine Banner,Rad,35,FALSE,01/Pine,40,10/Cotton,50,,,,,Boreal Pine Banner,50,Sup,5 Mythic,Offhand,Banner,,,,,,,,,,,,,,,,,,,,,,,14,,,11,9,9,,6,,,,,,,,,Crafted,
5,Woodworker,Imb. Pine Banner,Rad,45,TRUE,01/Pine,40,10/Cotton,50,,,,,Boreal Pine Banner,50,Sup,5 Mythic,Offhand,Banner,,,,,,,,,,,,,,,,,,,,,,,14,,,11,9,9,,6,,,,,,,,,Crafted,
6,Woodworker,Imb. Pine Banner,Rad,50,TRUE,01/Pine,40,10/Cotton,50,,,,,Boreal Pine Banner,50,Sup,5 Mythic,Offhand,Banner,,,,,,,,,,,,,,,,,,,,,,,14,,,11,9,9,,6,,,,,,,,,Crafted,
7,Woodworker,Imb. Pine Banner,Rad,35,FALSE,01/Pine,40,20/Ramie,40,,,,,Boreal Pine Banner,40,Sup,5 Mythic,Offhand,Banner,,,,,,,,,,,,,,,,,,,,,,,13,,,7,6,3,3,,,,,,,,,,Crafted,
8,Woodworker,Imb. Pine Banner,Rad,45,TRUE,01/Pine,40,20/Ramie,40,,,,,Boreal Pine Banner,40,Sup,5 Mythic,Offhand,Banner,,,,,,,,,,,,,,,,,,,,,,,13,,,7,6,3,3,,,,,,,,,,Crafted,
9,Woodworker,Imb. Pine Banner,Rad,50,FALSE,01/Pine,40,20/Ramie,40,,,,,Boreal Pine Banner,50,Sup,5 Mythic,Offhand,Banner,,,,,,,,,,,,,,,,,,,,,,,14,,,8,6,3,3,,,,,,,,,,Crafted,
10,Woodworker,Imb. Pine Banner,Rad,35,FALSE,01/Pine,40,30/Jute,50,,,,,Boreal Pine Banner,50,Sup,5 Mythic,Offhand,Banner,,,,,6,,,,,,,,,,,,,,,,,,14,,,8,3,9,6,,,,,,,,,,Crafted,
11,Woodworker,Imb. Pine Banner,Rad,45,FALSE,01/Pine,40,30/Jute,50,,,,,Boreal Pine Banner,50,Sup,5 Mythic,Offhand,Banner,,,,,6,,,,,,,,,,,,,,,,,,14,,,8,3,12,6,,,,,,,,,,Crafted,
12,Woodworker,Imb. Pine Banner,Rad,50,TRUE,01/Pine,40,30/Jute,50,,,,,Boreal Pine Banner,50,Sup,5 Mythic,Offhand,Banner,,,,,6,,,,,,,,,,,,,,,,,,14,,,8,3,12,6,,,,,,,,,,Crafted,
13,Woodworker,Imb. Pine Banner,Rad,35,FALSE,01/Pine,40,40/Hemp,40,,,,,Boreal Pine Banner,40,Sup,5 Mythic,Offhand,Banner,,,,,9,,,,,,,,,,,,,,,,,,13,,,7,9,3,,,,,,,,,,,Crafted,
14,Woodworker,Imb. Pine Banner,Rad,45,FALSE,01/Pine,40,40/Hemp,40,,,,,Boreal Pine Banner,40,Sup,5 Mythic,Offhand,Banner,,,,,9,,,,,,,,,,,,,,,,,,13,,,7,12,3,,,,,,,,,,,Crafted,
15,Woodworker,Imb. Pine Banner,Rad,50,FALSE,01/Pine,40,40/Hemp,40,,,,,Boreal Pine Banner,50,Sup,5 Mythic,Offhand,Banner,,,,,9,,,,,,,,,,,,,,,,,,14,,,8,12,3,,,,,,,,,,,Crafted,
16,Woodworker,Imb. Pine Banner,Rad,35,FALSE,01/Pine,40,50/Abaca,50,,,,,Boreal Pine Banner,50,Sup,5 Mythic,Offhand,Banner,,,,,,,,,,,,,,,,,,,,,,,20,,,11,3,3,,,,,,,,,,,Crafted,
17,Woodworker,Imb. Pine Banner,Rad,45,FALSE,01/Pine,40,50/Abaca,50,,,,,Boreal Pine Banner,50,Sup,5 Mythic,Offhand,Banner,,,,,,,,,,,,,,,,,,,,,,,23,,,11,3,3,,,,,,,,,,,Crafted,
18,Woodworker,Imb. Pine Banner,Rad,50,FALSE,01/Pine,40,50/Abaca,50,,,,,Boreal Pine Banner,50,Sup,5 Mythic,Offhand,Banner,,,,,,,,,,,,,,,,,,,,,,,26,,,11,3,3,,,,,,,,,,,Crafted,
19,Woodworker,Imb. Pine Banner,Rad,35,FALSE,01/Pine,40,05/Silk,45,,,,,Boreal Pine Banner,40,Sup,5 Mythic,Offhand,Banner,,,,,9,,,,,,,,,,,,,,,,,,13,,,7,3,3,6,,,,,,,,,,Crafted,
20,Woodworker,Imb. Pine Banner,Rad,45,FALSE,01/Pine,40,05/Silk,45,,,,,Boreal Pine Banner,40,Sup,5 Mythic,Offhand,Banner,,,,,12,,,,,,,,,,,,,,,,,,13,,,7,3,3,9,,,,,,,,,,Crafted,
21,Woodworker,Imb. Pine Banner,Rad,50,FALSE,01/Pine,40,05/Silk,45,,,,,Boreal Pine Banner,50,Sup,5 Mythic,Offhand,Banner,,,,,12,,,,,,,,,,,,,,,,,,14,,,8,3,3,9,,,,,,,,,,Crafted,
22,Woodworker,Imb. Pine Banner,Rad,35,FALSE,01/Pine,40,05/Mandrake,50,,,,,Boreal Pine Banner,50,Sup,5 Mythic,Offhand,Banner,,,,,9,,,,,,,,,,,,,,,,,,14,,,8,3,9,,,,,,,,,,,Crafted,
23,Woodworker,Imb. Pine Banner,Rad,45,FALSE,01/Pine,40,05/Mandrake,50,,,,,Boreal Pine Banner,50,Sup,5 Mythic,Offhand,Banner,,,,,12,,,,,,,,,,,,,,,,,,14,,,8,3,12,,,,,,,,,,,Crafted,
24,Woodworker,Imb. Pine Banner,Rad,50,TRUE,01/Pine,40,05/Mandrake,50,,,,,Boreal Pine Banner,50,Sup,5 Mythic,Offhand,Banner,,,,,12,,,,,,,,,,,,,,,,,,14,,,8,3,12,,,,,,,,,,,Crafted,
25,Woodworker,Imb. Cedar Banner,Rad,35,FALSE,10/Cedar,50,01/Linen,40,,,,,Summit Cedar Banner,50,Sup,5 Mythic,Offhand,Banner,,,,,6,,,,,,,,,,,,,,,,,,14,,,8,,3,6,6,,,,,,,,,Crafted,
26,Woodworker,Imb. Cedar Banner,Rad,45,FALSE,10/Cedar,50,01/Linen,40,,,,,Summit Cedar Banner,50,Sup,5 Mythic,Offhand,Banner,,,,,6,,,,,,,,,,,,,,,,,,14,,,8,,3,9,6,,,,,,,,,Crafted,
27,Woodworker,Imb. Cedar Banner,Rad,50,TRUE,10/Cedar,50,01/Linen,40,,,,,Summit Cedar Banner,50,Sup,5 Mythic,Offhand,Banner,,,,,6,,,,,,,,,,,,,,,,,,14,,,8,,3,9,6,,,,,,,,,Crafted,
28,Woodworker,Imb. Cedar Banner,Rad,35,FALSE,10/Cedar,50,10/Cotton,50,,,,,Summit Cedar Banner,50,Sup,5 Mythic,Offhand,Banner,,,,,6,,,,,,,,,,,,,,,,,,8,,,11,6,6,6,6,,,,,,,,,Crafted,
29,Woodworker,Imb. Cedar Banner,Rad,45,FALSE,10/Cedar,50,10/Cotton,50,,,,,Summit Cedar Banner,50,Sup,5 Mythic,Offhand,Banner,,,,,6,,,,,,,,,,,,,,,,,,8,,,11,6,6,9,6,,,,,,,,,Crafted,
30,Woodworker,Imb. Cedar Banner,Rad,50,TRUE,10/Cedar,50,10/Cotton,50,,,,,Summit Cedar Banner,50,Sup,5 Mythic,Offhand,Banner,,,,,6,,,,,,,,,,,,,,,,,,8,,,11,6,6,9,6,,,,,,,,,Crafted,
31,Woodworker,Imb. Cedar Banner,Rad,35,FALSE,10/Cedar,50,20/Ramie,40,,,,,Summit Cedar Banner,50,Sup,5 Mythic,Offhand,Banner,,,,,6,,,,,,,,,,,,,,,,,,8,,,8,3,,9,,,,,,,,,,Crafted,
32,Woodworker,Imb. Cedar Banner,Rad,45,FALSE,10/Cedar,50,20/Ramie,40,,,,,Summit Cedar Banner,50,Sup,5 Mythic,Offhand,Banner,,,,,6,,,,,,,,,,,,,,,,,,8,,,8,3,,12,,,,,,,,,,Crafted,
33,Woodworker,Imb. Cedar Banner,Rad,50,TRUE,10/Cedar,50,20/Ramie,40,,,,,Summit Cedar Banner,50,Sup,5 Mythic,Offhand,Banner,,,,,6,,,,,,,,,,,,,,,,,,8,,,8,3,,12,,,,,,,,,,Crafted,
34,Woodworker,Imb. Cedar Banner,Rad,35,FALSE,10/Cedar,50,30/Jute,50,,,,,Summit Cedar Banner,50,Sup,5 Mythic,Offhand,Banner,,,,,12,,,,,,,,,,,,,,,,,,8,,,8,,6,12,,,,,,,,,,Crafted,
35,Woodworker,Imb. Cedar Banner,Rad,45,FALSE,10/Cedar,50,30/Jute,50,,,,,Summit Cedar Banner,50,Sup,5 Mythic,Offhand,Banner,,,,,12,,,,,,,,,,,,,,,,,,8,,,8,,9,12,,,,,,,,,,Crafted,
36,Woodworker,Imb. Cedar Banner,Rad,50,FALSE,10/Cedar,50,30/Jute,50,,,,,Summit Cedar Banner,50,Sup,5 Mythic,Offhand,Banner,,,,,12,,,,,,,,,,,,,,,,,,8,,,8,,9,15,,,,,,,,,,Crafted,
37,Woodworker,Imb. Cedar Banner,Rad,35,FALSE,10/Cedar,50,40/Hemp,40,,,,,Summit Cedar Banner,50,Sup,5 Mythic,Offhand,Banner,,,,,15,,,,,,,,,,,,,,,,,,8,,,8,6,,6,,,,,,,,,,Crafted,
38,Woodworker,Imb. Cedar Banner,Rad,45,FALSE,10/Cedar,50,40/Hemp,40,,,,,Summit Cedar Banner,50,Sup,5 Mythic,Offhand,Banner,,,,,15,,,,,,,,,,,,,,,,,,8,,,8,6,,9,,,,,,,,,,Crafted,
39,Woodworker,Imb. Cedar Banner,Rad,50,TRUE,10/Cedar,50,40/Hemp,40,,,,,Summit Cedar Banner,50,Sup,5 Mythic,Offhand,Banner,,,,,15,,,,,,,,,,,,,,,,,,8,,,8,6,,9,,,,,,,,,,Crafted,
40,Woodworker,Imb. Cedar Banner,Rad,35,FALSE,10/Cedar,50,50/Abaca,50,,,,,Summit Cedar Banner,50,Sup,5 Mythic,Offhand,Banner,,,,,6,,,,,,,,,,,,,,,,,,17,,,11,,,6,,,,,,,,,,Crafted,
41,Woodworker,Imb. Cedar Banner,Rad,45,FALSE,10/Cedar,50,50/Abaca,50,,,,,Summit Cedar Banner,50,Sup,5 Mythic,Offhand,Banner,,,,,6,,,,,,,,,,,,,,,,,,20,,,11,,,9,,,,,,,,,,Crafted,
42,Woodworker,Imb. Cedar Banner,Rad,50,TRUE,10/Cedar,50,50/Abaca,50,,,,,Summit Cedar Banner,50,Sup,5 Mythic,Offhand,Banner,,,,,6,,,,,,,,,,,,,,,,,,20,,,11,,,9,,,,,,,,,,Crafted,
43,Woodworker,Imb. Cedar Banner,Rad,35,FALSE,10/Cedar,50,05/Silk,45,,,,,Summit Cedar Banner,50,Sup,5 Mythic,Offhand,Banner,,,,,15,,,,,,,,,,,,,,,,,,8,,,8,,,12,,,,,,,,,,Crafted,
44,Woodworker,Imb. Cedar Banner,Rad,45,FALSE,10/Cedar,50,05/Silk,45,,,,,Summit Cedar Banner,50,Sup,5 Mythic,Offhand,Banner,,,,,18,,,,,,,,,,,,,,,,,,8,,,8,,,18,,,,,,,,,,Crafted,
45,Woodworker,Imb. Cedar Banner,Rad,50,TRUE,10/Cedar,50,05/Silk,45,,,,,Summit Cedar Banner,50,Sup,5 Mythic,Offhand,Banner,,,,,18,,,,,,,,,,,,,,,,,,8,,,8,,,18,,,,,,,,,,Crafted,
46,Woodworker,Imb. Cedar Banner,Rad,35,FALSE,10/Cedar,50,05/Mandrake,50,,,,,Summit Cedar Banner,50,Sup,5 Mythic,Offhand,Banner,,,,,15,,,,,,,,,,,,,,,,,,8,,,8,,6,6,,,,,,,,,,Crafted,
47,Woodworker,Imb. Cedar Banner,Rad,45,FALSE,10/Cedar,50,05/Mandrake,50,,,,,Summit Cedar Banner,50,Sup,5 Mythic,Offhand,Banner,,,,,18,,,,,,,,,,,,,,,,,,8,,,8,,9,9,,,,,,,,,,Crafted,
48,Woodworker,Imb. Cedar Banner,Rad,50,TRUE,10/Cedar,50,05/Mandrake,50,,,,,Summit Cedar Banner,50,Sup,5 Mythic,Offhand,Banner,,,,,18,,,,,,,,,,,,,,,,,,8,,,8,,9,9,,,,,,,,,,Crafted,
49,Woodworker,Imb. Living Banner,Rad,35,FALSE,15/Mangrove,50,01/Linen,40,,,,,Ironwood Mangrove Banner,50,Sup,5 Mythic,Offhand,Banner,,,,,9,,,,,,,,,,,,,,,,,,14,,,11,,3,,6,,,,,,,,,Crafted,
50,Woodworker,Imb. Living Banner,Rad,45,FALSE,15/Mangrove,50,01/Linen,40,,,,,Ironwood Mangrove Banner,50,Sup,5 Mythic,Offhand,Banner,,,,,12,,,,,,,,,,,,,,,,,,14,,,11,,3,,6,,,,,,,,,Crafted,
51,Woodworker,Imb. Living Banner,Rad,50,TRUE,15/Mangrove,50,01/Linen,40,,,,,Ironwood Mangrove Banner,50,Sup,5 Mythic,Offhand,Banner,,,,,12,,,,,,,,,,,,,,,,,,14,,,11,,3,,6,,,,,,,,,Crafted,
52,Woodworker,Imb. Living Banner,Rad,35,FALSE,15/Mangrove,50,10/Cotton,50,,,,,Ironwood Mangrove Banner,50,Sup,5 Mythic,Offhand,Banner,,,,,9,,,,,,,,,,,,,,,,,,8,,,11,6,6,,6,,,,,,,,,Crafted,
53,Woodworker,Imb. Living Banner,Rad,45,FALSE,15/Mangrove,50,10/Cotton,50,,,,,Ironwood Mangrove Banner,50,Sup,5 Mythic,Offhand,Banner,,,,,12,,,,,,,,,,,,,,,,,,8,,,11,6,6,,6,,,,,,,,,Crafted,
54,Woodworker,Imb. Living Banner,Rad,50,FALSE,15/Mangrove,50,10/Cotton,50,,,,,Ironwood Mangrove Banner,50,Sup,5 Mythic,Offhand,Banner,,,,,12,,,,,,,,,,,,,,,,,,8,,,14,6,6,,6,,,,,,,,,Crafted,
55,Woodworker,Imb. Living Banner,Rad,35,FALSE,15/Mangrove,50,20/Ramie,40,,,,,Ironwood Mangrove Banner,50,Sup,5 Mythic,Offhand,Banner,,,,,9,,,,,,,,,,,,,,,,,,8,,,11,3,,3,,,,,,,,,,Crafted,
56,Woodworker,Imb. Living Banner,Rad,45,FALSE,15/Mangrove,50,20/Ramie,40,,,,,Ironwood Mangrove Banner,50,Sup,5 Mythic,Offhand,Banner,,,,,12,,,,,,,,,,,,,,,,,,8,,,11,3,,3,,,,,,,,,,Crafted,
57,Woodworker,Imb. Living Banner,Rad,50,TRUE,15/Mangrove,50,20/Ramie,40,,,,,Ironwood Mangrove Banner,50,Sup,5 Mythic,Offhand,Banner,,,,,12,,,,,,,,,,,,,,,,,,8,,,11,3,,3,,,,,,,,,,Crafted,
58,Woodworker,Imb. Living Banner,Rad,35,FALSE,15/Mangrove,50,30/Jute,50,,,,,Ironwood Mangrove Banner,50,Sup,5 Mythic,Offhand,Banner,,,,,15,,,,,,,,,,,,,,,,,,8,,,11,,6,6,,,,,,,,,,Crafted,
59,Woodworker,Imb. Living Banner,Rad,45,FALSE,15/Mangrove,50,30/Jute,50,,,,,Ironwood Mangrove Banner,50,Sup,5 Mythic,Offhand,Banner,,,,,18,,,,,,,,,,,,,,,,,,8,,,11,,9,6,,,,,,,,,,Crafted,
60,Woodworker,Imb. Living Banner,Rad,50,TRUE,15/Mangrove,50,30/Jute,50,,,,,Ironwood Mangrove Banner,50,Sup,5 Mythic,Offhand,Banner,,,,,18,,,,,,,,,,,,,,,,,,8,,,11,,9,6,,,,,,,,,,Crafted,
61,Woodworker,Imb. Living Banner,Rad,35,FALSE,15/Mangrove,50,40/Hemp,40,,,,,Ironwood Mangrove Banner,50,Sup,5 Mythic,Offhand,Banner,,,,,18,,,,,,,,,,,,,,,,,,8,,,11,6,,,,,,,,,,,,Crafted,
62,Woodworker,Imb. Living Banner,Rad,45,FALSE,15/Mangrove,50,40/Hemp,40,,,,,Ironwood Mangrove Banner,50,Sup,5 Mythic,Offhand,Banner,,,,,21,,,,,,,,,,,,,,,,,,8,,,11,6,,,,,,,,,,,,Crafted,
63,Woodworker,Imb. Living Banner,Rad,50,TRUE,15/Mangrove,50,40/Hemp,40,,,,,Ironwood Mangrove Banner,50,Sup,5 Mythic,Offhand,Banner,,,,,21,,,,,,,,,,,,,,,,,,8,,,11,6,,,,,,,,,,,,Crafted,
64,Woodworker,Imb. Living Banner,Rad,35,FALSE,15/Mangrove,50,50/Abaca,50,,,,,Ironwood Mangrove Banner,50,Sup,5 Mythic,Offhand,Banner,,,,,9,,,,,,,,,,,,,,,,,,17,,,14,,,,,,,,,,,,,Crafted,
65,Woodworker,Imb. Living Banner,Rad,45,FALSE,15/Mangrove,50,50/Abaca,50,,,,,Ironwood Mangrove Banner,50,Sup,5 Mythic,Offhand,Banner,,,,,12,,,,,,,,,,,,,,,,,,20,,,14,,,,,,,,,,,,,Crafted,
66,Woodworker,Imb. Living Banner,Rad,50,TRUE,15/Mangrove,50,50/Abaca,50,,,,,Ironwood Mangrove Banner,50,Sup,5 Mythic,Offhand,Banner,,,,,12,,,,,,,,,,,,,,,,,,20,,,14,,,,,,,,,,,,,Crafted,
67,Woodworker,Imb. Living Banner,Rad,35,FALSE,15/Mangrove,50,05/Silk,45,,,,,Ironwood Mangrove Banner,50,Sup,5 Mythic,Offhand,Banner,,,,,18,,,,,,,,,,,,,,,,,,8,,,11,,,6,,,,,,,,,,Crafted,
68,Woodworker,Imb. Living Banner,Rad,45,FALSE,15/Mangrove,50,05/Silk,45,,,,,Ironwood Mangrove Banner,50,Sup,5 Mythic,Offhand,Banner,,,,,21,,,,,,,,,,,,,,,,,,8,,,11,,,9,,,,,,,,,,Crafted,
69,Woodworker,Imb. Living Banner,Rad,50,FALSE,15/Mangrove,50,05/Silk,45,,,,,Ironwood Mangrove Banner,50,Sup,5 Mythic,Offhand,Banner,,,,,24,,,,,,,,,,,,,,,,,,8,,,11,,,9,,,,,,,,,,Crafted,
70,Woodworker,Imb. Living Banner,Rad,35,FALSE,15/Mangrove,50,05/Mandrake,50,,,,,Ironwood Mangrove Banner,50,Sup,5 Mythic,Offhand,Banner,,,,,18,,,,,,,,,,,,,,,,,,8,,,11,,6,,,,,,,,,,,Crafted,
71,Woodworker,Imb. Living Banner,Rad,45,FALSE,15/Mangrove,50,05/Mandrake,50,,,,,Ironwood Mangrove Banner,50,Sup,5 Mythic,Offhand,Banner,,,,,21,,,,,,,,,,,,,,,,,,8,,,11,,9,,,,,,,,,,,Crafted,
72,Woodworker,Imb. Living Banner,Rad,50,FALSE,15/Mangrove,50,05/Mandrake,50,,,,,Ironwood Mangrove Banner,50,Sup,5 Mythic,Offhand,Banner,,,,,24,,,,,,,,,,,,,,,,,,8,,,11,,9,,,,,,,,,,,Crafted,
73,Woodworker,Imb. Maple Banner,Rad,35,FALSE,20/Maple,40,01/Linen,40,,,,,Boreal Maple Banner,40,Sup,5 Mythic,Offhand,Banner,,,,,6,,,,,,,,,,,,,,,,,,16,,,7,6,3,,6,,,,,,,,,Crafted,
74,Woodworker,Imb. Maple Banner,Rad,45,TRUE,20/Maple,40,01/Linen,40,,,,,Boreal Maple Banner,40,Sup,5 Mythic,Offhand,Banner,,,,,6,,,,,,,,,,,,,,,,,,16,,,7,6,3,,6,,,,,,,,,Crafted,
75,Woodworker,Imb. Maple Banner,Rad,50,FALSE,20/Maple,40,01/Linen,40,,,,,Boreal Maple Banner,50,Sup,5 Mythic,Offhand,Banner,,,,,6,,,,,,,,,,,,,,,,,,17,,,8,6,3,,6,,,,,,,,,Crafted,
76,Woodworker,Imb. Maple Banner,Rad,35,FALSE,20/Maple,40,10/Cotton,50,,,,,Boreal Maple Banner,50,Sup,5 Mythic,Offhand,Banner,,,,,6,,,,,,,,,,,,,,,,,,14,,,11,12,6,,6,,,,,,,,,Crafted,
77,Woodworker,Imb. Maple Banner,Rad,45,TRUE,20/Maple,40,10/Cotton,50,,,,,Boreal Maple Banner,50,Sup,5 Mythic,Offhand,Banner,,,,,6,,,,,,,,,,,,,,,,,,14,,,11,12,6,,6,,,,,,,,,Crafted,
78,Woodworker,Imb. Maple Banner,Rad,50,TRUE,20/Maple,40,10/Cotton,50,,,,,Boreal Maple Banner,50,Sup,5 Mythic,Offhand,Banner,,,,,6,,,,,,,,,,,,,,,,,,14,,,11,12,6,,6,,,,,,,,,Crafted,
79,Woodworker,Imb. Maple Banner,Rad,35,FALSE,20/Maple,40,20/Ramie,40,,,,,Boreal Maple Banner,40,Sup,5 Mythic,Offhand,Banner,,,,,6,,,,,,,,,,,,,,,,,,13,,,7,9,,3,,,,,,,,,,Crafted,
80,Woodworker,Imb. Maple Banner,Rad,45,FALSE,20/Maple,40,20/Ramie,40,,,,,Boreal Maple Banner,40,Sup,5 Mythic,Offhand,Banner,,,,,6,,,,,,,,,,,,,,,,,,13,,,7,12,,3,,,,,,,,,,Crafted,
81,Woodworker,Imb. Maple Banner,Rad,50,FALSE,20/Maple,40,20/Ramie,40,,,,,Boreal Maple Banner,50,Sup,5 Mythic,Offhand,Banner,,,,,6,,,,,,,,,,,,,,,,,,14,,,8,12,,3,,,,,,,,,,Crafted,
82,Woodworker,Imb. Maple Banner,Rad,35,FALSE,20/Maple,40,30/Jute,50,,,,,Boreal Maple Banner,50,Sup,5 Mythic,Offhand,Banner,,,,,12,,,,,,,,,,,,,,,,,,14,,,8,6,6,6,,,,,,,,,,Crafted,
83,Woodworker,Imb. Maple Banner,Rad,45,FALSE,20/Maple,40,30/Jute,50,,,,,Boreal Maple Banner,50,Sup,5 Mythic,Offhand,Banner,,,,,12,,,,,,,,,,,,,,,,,,14,,,8,6,9,6,,,,,,,,,,Crafted,
84,Woodworker,Imb. Maple Banner,Rad,50,TRUE,20/Maple,40,30/Jute,50,,,,,Boreal Maple Banner,50,Sup,5 Mythic,Offhand,Banner,,,,,12,,,,,,,,,,,,,,,,,,14,,,8,6,9,6,,,,,,,,,,Crafted,
85,Woodworker,Imb. Maple Banner,Rad,35,FALSE,20/Maple,40,40/Hemp,40,,,,,Boreal Maple Banner,40,Sup,5 Mythic,Offhand,Banner,,,,,12,,,,,,,,,,,,,,,,,,13,,,7,12,,,,,,,,,,,,Crafted,
86,Woodworker,Imb. Maple Banner,Rad,45,FALSE,20/Maple,40,40/Hemp,40,,,,,Boreal Maple Banner,40,Sup,5 Mythic,Offhand,Banner,,,,,15,,,,,,,,,,,,,,,,,,13,,,7,15,,,,,,,,,,,,Crafted,
87,Woodworker,Imb. Maple Banner,Rad,50,FALSE,20/Maple,40,40/Hemp,40,,,,,Boreal Maple Banner,50,Sup,5 Mythic,Offhand,Banner,,,,,15,,,,,,,,,,,,,,,,,,14,,,8,15,,,,,,,,,,,,Crafted,
88,Woodworker,Imb. Maple Banner,Rad,35,FALSE,20/Maple,40,50/Abaca,50,,,,,Boreal Maple Banner,50,Sup,5 Mythic,Offhand,Banner,,,,,6,,,,,,,,,,,,,,,,,,20,,,11,6,,,,,,,,,,,,Crafted,
89,Woodworker,Imb. Maple Banner,Rad,45,FALSE,20/Maple,40,50/Abaca,50,,,,,Boreal Maple Banner,50,Sup,5 Mythic,Offhand,Banner,,,,,6,,,,,,,,,,,,,,,,,,23,,,11,6,,,,,,,,,,,,Crafted,
90,Woodworker,Imb. Maple Banner,Rad,50,FALSE,20/Maple,40,50/Abaca,50,,,,,Boreal Maple Banner,50,Sup,5 Mythic,Offhand,Banner,,,,,6,,,,,,,,,,,,,,,,,,26,,,11,6,,,,,,,,,,,,Crafted,
91,Woodworker,Imb. Maple Banner,Rad,35,FALSE,20/Maple,40,05/Silk,45,,,,,Boreal Maple Banner,40,Sup,5 Mythic,Offhand,Banner,,,,,12,,,,,,,,,,,,,,,,,,13,,,7,6,,6,,,,,,,,,,Crafted,
92,Woodworker,Imb. Maple Banner,Rad,45,FALSE,20/Maple,40,05/Silk,45,,,,,Boreal Maple Banner,40,Sup,5 Mythic,Offhand,Banner,,,,,15,,,,,,,,,,,,,,,,,,13,,,7,6,,9,,,,,,,,,,Crafted,
93,Woodworker,Imb. Maple Banner,Rad,50,FALSE,20/Maple,40,05/Silk,45,,,,,Boreal Maple Banner,50,Sup,5 Mythic,Offhand,Banner,,,,,15,,,,,,,,,,,,,,,,,,14,,,8,6,,9,,,,,,,,,,Crafted,
94,Woodworker,Imb. Maple Banner,Rad,35,FALSE,20/Maple,40,05/Mandrake,50,,,,,Boreal Maple Banner,50,Sup,5 Mythic,Offhand,Banner,,,,,12,,,,,,,,,,,,,,,,,,14,,,8,6,6,,,,,,,,,,,Crafted,
95,Woodworker,Imb. Maple Banner,Rad,45,FALSE,20/Maple,40,05/Mandrake,50,,,,,Boreal Maple Banner,50,Sup,5 Mythic,Offhand,Banner,,,,,15,,,,,,,,,,,,,,,,,,14,,,8,6,9,,,,,,,,,,,Crafted,
96,Woodworker,Imb. Maple Banner,Rad,50,FALSE,20/Maple,40,05/Mandrake,50,,,,,Boreal Maple Banner,50,Sup,5 Mythic,Offhand,Banner,,,,,18,,,,,,,,,,,,,,,,,,14,,,8,6,9,,,,,,,,,,,Crafted,
97,Woodworker,Imb. Fir Banner,Rad,35,FALSE,25/Fir,45,01/Linen,40,,,,,Boreal Fir Banner,40,Sup,5 Mythic,Offhand,Banner,,,,,6,,,,,,,,,,,,,,,,,,13,,,7,,3,3,9,,,,,,,,,Crafted,
98,Woodworker,Imb. Fir Banner,Rad,45,TRUE,25/Fir,45,01/Linen,40,,,,,Boreal Fir Banner,40,Sup,5 Mythic,Offhand,Banner,,,,,6,,,,,,,,,,,,,,,,,,13,,,7,,3,3,9,,,,,,,,,Crafted,
99,Woodworker,Imb. Fir Banner,Rad,50,FALSE,25/Fir,45,01/Linen,40,,,,,Boreal Fir Banner,50,Sup,5 Mythic,Offhand,Banner,,,,,6,,,,,,,,,,,,,,,,,,14,,,8,,3,3,9,,,,,,,,,Crafted,
100,Woodworker,Imb. Fir Banner,Rad,35,FALSE,25/Fir,45,10/Cotton,50,,,,,Boreal Fir Banner,50,Sup,5 Mythic,Offhand,Banner,,,,,6,,,,,,,,,,,,,,,,,,8,,,11,6,6,3,12,,,,,,,,,Crafted,
101,Woodworker,Imb. Fir Banner,Rad,45,TRUE,25/Fir,45,10/Cotton,50,,,,,Boreal Fir Banner,50,Sup,5 Mythic,Offhand,Banner,,,,,6,,,,,,,,,,,,,,,,,,8,,,11,6,6,3,12,,,,,,,,,Crafted,
102,Woodworker,Imb. Fir Banner,Rad,50,TRUE,25/Fir,45,10/Cotton,50,,,,,Boreal Fir Banner,50,Sup,5 Mythic,Offhand,Banner,,,,,6,,,,,,,,,,,,,,,,,,8,,,11,6,6,3,12,,,,,,,,,Crafted,
103,Woodworker,Imb. Fir Banner,Rad,35,FALSE,25/Fir,45,20/Ramie,40,,,,,Boreal Fir Banner,40,Sup,5 Mythic,Offhand,Banner,,,,,6,,,,,,,,,,,,,,,,,,7,,,7,3,,9,6,,,,,,,,,Crafted,
104,Woodworker,Imb. Fir Banner,Rad,45,TRUE,25/Fir,45,20/Ramie,40,,,,,Boreal Fir Banner,40,Sup,5 Mythic,Offhand,Banner,,,,,6,,,,,,,,,,,,,,,,,,7,,,7,3,,9,6,,,,,,,,,Crafted,
105,Woodworker,Imb. Fir Banner,Rad,50,FALSE,25/Fir,45,20/Ramie,40,,,,,Boreal Fir Banner,50,Sup,5 Mythic,Offhand,Banner,,,,,6,,,,,,,,,,,,,,,,,,8,,,8,3,,9,6,,,,,,,,,Crafted,
106,Woodworker,Imb. Fir Banner,Rad,35,FALSE,25/Fir,45,30/Jute,50,,,,,Boreal Fir Banner,50,Sup,5 Mythic,Offhand,Banner,,,,,12,,,,,,,,,,,,,,,,,,8,,,8,,6,9,6,,,,,,,,,Crafted,
107,Woodworker,Imb. Fir Banner,Rad,45,FALSE,25/Fir,45,30/Jute,50,,,,,Boreal Fir Banner,50,Sup,5 Mythic,Offhand,Banner,,,,,12,,,,,,,,,,,,,,,,,,8,,,8,,9,9,6,,,,,,,,,Crafted,
108,Woodworker,Imb. Fir Banner,Rad,50,TRUE,25/Fir,45,30/Jute,50,,,,,Boreal Fir Banner,50,Sup,5 Mythic,Offhand,Banner,,,,,12,,,,,,,,,,,,,,,,,,8,,,8,,9,9,6,,,,,,,,,Crafted,
109,Woodworker,Imb. Fir Banner,Rad,35,FALSE,25/Fir,45,40/Hemp,40,,,,,Boreal Fir Banner,40,Sup,5 Mythic,Offhand,Banner,,,,,15,,,,,,,,,,,,,,,,,,7,,,7,6,,3,6,,,,,,,,,Crafted,
110,Woodworker,Imb. Fir Banner,Rad,45,TRUE,25/Fir,45,40/Hemp,40,,,,,Boreal Fir Banner,40,Sup,5 Mythic,Offhand,Banner,,,,,15,,,,,,,,,,,,,,,,,,7,,,7,6,,3,6,,,,,,,,,Crafted,
111,Woodworker,Imb. Fir Banner,Rad,50,FALSE,25/Fir,45,40/Hemp,40,,,,,Boreal Fir Banner,50,Sup,5 Mythic,Offhand,Banner,,,,,15,,,,,,,,,,,,,,,,,,8,,,8,6,,3,6,,,,,,,,,Crafted,
112,Woodworker,Imb. Fir Banner,Rad,35,FALSE,25/Fir,45,50/Abaca,50,,,,,Boreal Fir Banner,50,Sup,5 Mythic,Offhand,Banner,,,,,6,,,,,,,,,,,,,,,,,,17,,,11,,,3,6,,,,,,,,,Crafted,
113,Woodworker,Imb. Fir Banner,Rad,45,FALSE,25/Fir,45,50/Abaca,50,,,,,Boreal Fir Banner,50,Sup,5 Mythic,Offhand,Banner,,,,,6,,,,,,,,,,,,,,,,,,20,,,11,,,3,6,,,,,,,,,Crafted,
114,Woodworker,Imb. Fir Banner,Rad,50,FALSE,25/Fir,45,50/Abaca,50,,,,,Boreal Fir Banner,50,Sup,5 Mythic,Offhand,Banner,,,,,6,,,,,,,,,,,,,,,,,,20,,,14,,,3,6,,,,,,,,,Crafted,
115,Woodworker,Imb. Fir Banner,Rad,35,FALSE,25/Fir,45,05/Silk,45,,,,,Boreal Fir Banner,40,Sup,5 Mythic,Offhand,Banner,,,,,15,,,,,,,,,,,,,,,,,,7,,,7,,,12,6,,,,,,,,,Crafted,
116,Woodworker,Imb. Fir Banner,Rad,45,TRUE,25/Fir,45,05/Silk,45,,,,,Boreal Fir Banner,40,Sup,5 Mythic,Offhand,Banner,,,,,15,,,,,,,,,,,,,,,,,,7,,,7,,,12,6,,,,,,,,,Crafted,
117,Woodworker,Imb. Fir Banner,Rad,50,FALSE,25/Fir,45,05/Silk,45,,,,,Boreal Fir Banner,50,Sup,5 Mythic,Offhand,Banner,,,,,15,,,,,,,,,,,,,,,,,,8,,,8,,,12,6,,,,,,,,,Crafted,
118,Woodworker,Imb. Fir Banner,Rad,35,FALSE,25/Fir,45,05/Mandrake,50,,,,,Boreal Fir Banner,50,Sup,5 Mythic,Offhand,Banner,,,,,15,,,,,,,,,,,,,,,,,,8,,,8,,6,3,6,,,,,,,,,Crafted,
119,Woodworker,Imb. Fir Banner,Rad,45,FALSE,25/Fir,45,05/Mandrake,50,,,,,Boreal Fir Banner,50,Sup,5 Mythic,Offhand,Banner,,,,,15,,,,,,,,,,,,,,,,,,8,,,8,,9,3,6,,,,,,,,,Crafted,
120,Woodworker,Imb. Fir Banner,Rad,50,FALSE,25/Fir,45,05/Mandrake,50,,,,,Boreal Fir Banner,50,Sup,5 Mythic,Offhand,Banner,,,,,18,,,,,,,,,,,,,,,,,,8,,,8,,9,3,6,,,,,,,,,Crafted,
121,Woodworker,Imb. Poplar Banner,Rad,35,FALSE,25/Poplar,45,01/Linen,40,,,,,Boreal Poplar Banner,40,Sup,5 Mythic,Offhand,Banner,,,,,,,,,,,,,,,,,,,,,,,16,,,7,,3,3,12,,,,,,,,,Crafted,
122,Woodworker,Imb. Poplar Banner,Rad,45,FALSE,25/Poplar,45,01/Linen,40,,,,,Boreal Poplar Banner,40,Sup,5 Mythic,Offhand,Banner,,,,,,,,,,,,,,,,,,,,,,,16,,,7,,3,3,15,,,,,,,,,Crafted,
123,Woodworker,Imb. Poplar Banner,Rad,50,FALSE,25/Poplar,45,01/Linen,40,,,,,Boreal Poplar Banner,50,Sup,5 Mythic,Offhand,Banner,,,,,,,,,,,,,,,,,,,,,,,17,,,8,,3,3,15,,,,,,,,,Crafted,
124,Woodworker,Imb. Poplar Banner,Rad,35,FALSE,25/Poplar,45,10/Cotton,50,,,,,Boreal Poplar Banner,50,Sup,5 Mythic,Offhand,Banner,,,,,,,,,,,,,,,,,,,,,,,14,,,11,6,6,3,15,,,,,,,,,Crafted,
125,Woodworker,Imb. Poplar Banner,Rad,45,FALSE,25/Poplar,45,10/Cotton,50,,,,,Boreal Poplar Banner,50,Sup,5 Mythic,Offhand,Banner,,,,,,,,,,,,,,,,,,,,,,,14,,,11,6,6,3,18,,,,,,,,,Crafted,
126,Woodworker,Imb. Poplar Banner,Rad,50,TRUE,25/Poplar,45,10/Cotton,50,,,,,Boreal Poplar Banner,50,Sup,5 Mythic,Offhand,Banner,,,,,,,,,,,,,,,,,,,,,,,14,,,11,6,6,3,18,,,,,,,,,Crafted,
127,Woodworker,Imb. Poplar Banner,Rad,35,FALSE,25/Poplar,45,20/Ramie,40,,,,,Boreal Poplar Banner,40,Sup,5 Mythic,Offhand,Banner,,,,,,,,,,,,,,,,,,,,,,,13,,,7,3,,9,9,,,,,,,,,Crafted,
128,Woodworker,Imb. Poplar Banner,Rad,45,FALSE,25/Poplar,45,20/Ramie,40,,,,,Boreal Poplar Banner,40,Sup,5 Mythic,Offhand,Banner,,,,,,,,,,,,,,,,,,,,,,,13,,,7,3,,9,12,,,,,,,,,Crafted,
129,Woodworker,Imb. Poplar Banner,Rad,50,FALSE,25/Poplar,45,20/Ramie,40,,,,,Boreal Poplar Banner,50,Sup,5 Mythic,Offhand,Banner,,,,,,,,,,,,,,,,,,,,,,,14,,,8,3,,9,12,,,,,,,,,Crafted,
130,Woodworker,Imb. Poplar Banner,Rad,35,FALSE,25/Poplar,45,30/Jute,50,,,,,Boreal Poplar Banner,50,Sup,5 Mythic,Offhand,Banner,,,,,6,,,,,,,,,,,,,,,,,,14,,,8,,6,9,9,,,,,,,,,Crafted,
131,Woodworker,Imb. Poplar Banner,Rad,45,FALSE,25/Poplar,45,30/Jute,50,,,,,Boreal Poplar Banner,50,Sup,5 Mythic,Offhand,Banner,,,,,6,,,,,,,,,,,,,,,,,,14,,,8,,9,9,9,,,,,,,,,Crafted,
132,Woodworker,Imb. Poplar Banner,Rad,50,FALSE,25/Poplar,45,30/Jute,50,,,,,Boreal Poplar Banner,50,Sup,5 Mythic,Offhand,Banner,,,,,6,,,,,,,,,,,,,,,,,,14,,,8,,9,9,12,,,,,,,,,Crafted,
133,Woodworker,Imb. Poplar Banner,Rad,35,FALSE,25/Poplar,45,40/Hemp,40,,,,,Boreal Poplar Banner,40,Sup,5 Mythic,Offhand,Banner,,,,,9,,,,,,,,,,,,,,,,,,13,,,7,6,,3,9,,,,,,,,,Crafted,
134,Woodworker,Imb. Poplar Banner,Rad,45,FALSE,25/Poplar,45,40/Hemp,40,,,,,Boreal Poplar Banner,40,Sup,5 Mythic,Offhand,Banner,,,,,9,,,,,,,,,,,,,,,,,,13,,,7,6,,3,12,,,,,,,,,Crafted,
135,Woodworker,Imb. Poplar Banner,Rad,50,FALSE,25/Poplar,45,40/Hemp,40,,,,,Boreal Poplar Banner,50,Sup,5 Mythic,Offhand,Banner,,,,,9,,,,,,,,,,,,,,,,,,14,,,8,6,,3,12,,,,,,,,,Crafted,
136,Woodworker,Imb. Poplar Banner,Rad,35,FALSE,25/Poplar,45,50/Abaca,50,,,,,Boreal Poplar Banner,50,Sup,5 Mythic,Offhand,Banner,,,,,,,,,,,,,,,,,,,,,,,23,,,11,,,3,9,,,,,,,,,Crafted,
137,Woodworker,Imb. Poplar Banner,Rad,45,FALSE,25/Poplar,45,50/Abaca,50,,,,,Boreal Poplar Banner,50,Sup,5 Mythic,Offhand,Banner,,,,,,,,,,,,,,,,,,,,,,,23,,,11,,,3,12,,,,,,,,,Crafted,
138,Woodworker,Imb. Poplar Banner,Rad,50,FALSE,25/Poplar,45,50/Abaca,50,,,,,Boreal Poplar Banner,50,Sup,5 Mythic,Offhand,Banner,,,,,,,,,,,,,,,,,,,,,,,26,,,11,,,3,12,,,,,,,,,Crafted,
139,Woodworker,Imb. Poplar Banner,Rad,35,FALSE,25/Poplar,45,05/Silk,45,,,,,Boreal Poplar Banner,40,Sup,5 Mythic,Offhand,Banner,,,,,9,,,,,,,,,,,,,,,,,,13,,,7,,,12,9,,,,,,,,,Crafted,
140,Woodworker,Imb. Poplar Banner,Rad,45,FALSE,25/Poplar,45,05/Silk,45,,,,,Boreal Poplar Banner,40,Sup,5 Mythic,Offhand,Banner,,,,,12,,,,,,,,,,,,,,,,,,13,,,7,,,12,12,,,,,,,,,Crafted,
141,Woodworker,Imb. Poplar Banner,Rad,50,FALSE,25/Poplar,45,05/Silk,45,,,,,Boreal Poplar Banner,50,Sup,5 Mythic,Offhand,Banner,,,,,12,,,,,,,,,,,,,,,,,,14,,,8,,,12,12,,,,,,,,,Crafted,
142,Woodworker,Imb. Poplar Banner,Rad,35,FALSE,25/Poplar,45,05/Mandrake,50,,,,,Boreal Poplar Banner,50,Sup,5 Mythic,Offhand,Banner,,,,,9,,,,,,,,,,,,,,,,,,14,,,8,,6,3,9,,,,,,,,,Crafted,
143,Woodworker,Imb. Poplar Banner,Rad,45,FALSE,25/Poplar,45,05/Mandrake,50,,,,,Boreal Poplar Banner,50,Sup,5 Mythic,Offhand,Banner,,,,,12,,,,,,,,,,,,,,,,,,14,,,8,,9,3,12,,,,,,,,,Crafted,
144,Woodworker,Imb. Poplar Banner,Rad,50,TRUE,25/Poplar,45,05/Mandrake,50,,,,,Boreal Poplar Banner,50,Sup,5 Mythic,Offhand,Banner,,,,,12,,,,,,,,,,,,,,,,,,14,,,8,,9,3,12,,,,,,,,,Crafted,
145,Woodworker,Imb. Teak Banner,Rad,35,FALSE,30/Teak,50,01/Linen,40,,,,,Summit Teak Banner,50,Sup,5 Mythic,Offhand,Banner,,,,,,,,,,,,,,,,,,,,,,,14,,,11,6,3,,6,,,,,,,,,Crafted,
146,Woodworker,Imb. Teak Banner,Rad,45,TRUE,30/Teak,50,01/Linen,40,,,,,Summit Teak Banner,50,Sup,5 Mythic,Offhand,Banner,,,,,,,,,,,,,,,,,,,,,,,14,,,11,6,3,,6,,,,,,,,,Crafted,
147,Woodworker,Imb. Teak Banner,Rad,50,TRUE,30/Teak,50,01/Linen,40,,,,,Summit Teak Banner,50,Sup,5 Mythic,Offhand,Banner,,,,,,,,,,,,,,,,,,,,,,,14,,,11,6,3,,6,,,,,,,,,Crafted,
148,Woodworker,Imb. Teak Banner,Rad,35,FALSE,30/Teak,50,10/Cotton,50,,,,,Summit Teak Banner,50,Sup,5 Mythic,Offhand,Banner,,,,,,,,,,,,,,,,,,,,,,,8,,,11,9,6,,6,,,,,,,,,Crafted,
149,Woodworker,Imb. Teak Banner,Rad,45,TRUE,30/Teak,50,10/Cotton,50,,,,,Summit Teak Banner,50,Sup,5 Mythic,Offhand,Banner,,,,,,,,,,,,,,,,,,,,,,,8,,,11,9,6,,6,,,,,,,,,Crafted,
150,Woodworker,Imb. Teak Banner,Rad,50,TRUE,30/Teak,50,10/Cotton,50,,,,,Summit Teak Banner,50,Sup,5 Mythic,Offhand,Banner,,,,,,,,,,,,,,,,,,,,,,,8,,,11,9,6,,6,,,,,,,,,Crafted,
151,Woodworker,Imb. Teak Banner,Rad,35,FALSE,30/Teak,50,20/Ramie,40,,,,,Summit Teak Banner,50,Sup,5 Mythic,Offhand,Banner,,,,,,,,,,,,,,,,,,,,,,,8,,,11,9,,3,,,,,,,,,,Crafted,
152,Woodworker,Imb. Teak Banner,Rad,45,TRUE,30/Teak,50,20/Ramie,40,,,,,Summit Teak Banner,50,Sup,5 Mythic,Offhand,Banner,,,,,,,,,,,,,,,,,,,,,,,8,,,11,9,,3,,,,,,,,,,Crafted,
153,Woodworker,Imb. Teak Banner,Rad,50,TRUE,30/Teak,50,20/Ramie,40,,,,,Summit Teak Banner,50,Sup,5 Mythic,Offhand,Banner,,,,,,,,,,,,,,,,,,,,,,,8,,,11,9,,3,,,,,,,,,,Crafted,
154,Woodworker,Imb. Teak Banner,Rad,35,FALSE,30/Teak,50,30/Jute,50,,,,,Summit Teak Banner,50,Sup,5 Mythic,Offhand,Banner,,,,,6,,,,,,,,,,,,,,,,,,8,,,11,6,6,6,,,,,,,,,,Crafted,
155,Woodworker,Imb. Teak Banner,Rad,45,FALSE,30/Teak,50,30/Jute,50,,,,,Summit Teak Banner,50,Sup,5 Mythic,Offhand,Banner,,,,,6,,,,,,,,,,,,,,,,,,8,,,11,6,9,6,,,,,,,,,,Crafted,
156,Woodworker,Imb. Teak Banner,Rad,50,TRUE,30/Teak,50,30/Jute,50,,,,,Summit Teak Banner,50,Sup,5 Mythic,Offhand,Banner,,,,,6,,,,,,,,,,,,,,,,,,8,,,11,6,9,6,,,,,,,,,,Crafted,
157,Woodworker,Imb. Teak Banner,Rad,35,FALSE,30/Teak,50,40/Hemp,40,,,,,Summit Teak Banner,50,Sup,5 Mythic,Offhand,Banner,,,,,9,,,,,,,,,,,,,,,,,,8,,,11,12,,,,,,,,,,,,Crafted,
158,Woodworker,Imb. Teak Banner,Rad,45,TRUE,30/Teak,50,40/Hemp,40,,,,,Summit Teak Banner,50,Sup,5 Mythic,Offhand,Banner,,,,,9,,,,,,,,,,,,,,,,,,8,,,11,12,,,,,,,,,,,,Crafted,
159,Woodworker,Imb. Teak Banner,Rad,50,TRUE,30/Teak,50,40/Hemp,40,,,,,Summit Teak Banner,50,Sup,5 Mythic,Offhand,Banner,,,,,9,,,,,,,,,,,,,,,,,,8,,,11,12,,,,,,,,,,,,Crafted,
160,Woodworker,Imb. Teak Banner,Rad,35,FALSE,30/Teak,50,50/Abaca,50,,,,,Summit Teak Banner,50,Sup,5 Mythic,Offhand,Banner,,,,,,,,,,,,,,,,,,,,,,,17,,,11,6,,,,,,,,,,,,Crafted,
161,Woodworker,Imb. Teak Banner,Rad,45,FALSE,30/Teak,50,50/Abaca,50,,,,,Summit Teak Banner,50,Sup,5 Mythic,Offhand,Banner,,,,,,,,,,,,,,,,,,,,,,,20,,,11,6,,,,,,,,,,,,Crafted,
162,Woodworker,Imb. Teak Banner,Rad,50,FALSE,30/Teak,50,50/Abaca,50,,,,,Summit Teak Banner,50,Sup,5 Mythic,Offhand,Banner,,,,,,,,,,,,,,,,,,,,,,,20,,,14,6,,,,,,,,,,,,Crafted,
163,Woodworker,Imb. Teak Banner,Rad,35,FALSE,30/Teak,50,05/Silk,45,,,,,Summit Teak Banner,50,Sup,5 Mythic,Offhand,Banner,,,,,9,,,,,,,,,,,,,,,,,,8,,,11,6,,6,,,,,,,,,,Crafted,
164,Woodworker,Imb. Teak Banner,Rad,45,FALSE,30/Teak,50,05/Silk,45,,,,,Summit Teak Banner,50,Sup,5 Mythic,Offhand,Banner,,,,,12,,,,,,,,,,,,,,,,,,8,,,11,6,,9,,,,,,,,,,Crafted,
165,Woodworker,Imb. Teak Banner,Rad,50,TRUE,30/Teak,50,05/Silk,45,,,,,Summit Teak Banner,50,Sup,5 Mythic,Offhand,Banner,,,,,12,,,,,,,,,,,,,,,,,,8,,,11,6,,9,,,,,,,,,,Crafted,
166,Woodworker,Imb. Teak Banner,Rad,35,FALSE,30/Teak,50,05/Mandrake,50,,,,,Summit Teak Banner,50,Sup,5 Mythic,Offhand,Banner,,,,,9,,,,,,,,,,,,,,,,,,8,,,11,6,6,,,,,,,,,,,Crafted,
167,Woodworker,Imb. Teak Banner,Rad,45,FALSE,30/Teak,50,05/Mandrake,50,,,,,Summit Teak Banner,50,Sup,5 Mythic,Offhand,Banner,,,,,12,,,,,,,,,,,,,,,,,,8,,,11,6,9,,,,,,,,,,,Crafted,
168,Woodworker,Imb. Teak Banner,Rad,50,TRUE,30/Teak,50,05/Mandrake,50,,,,,Summit Teak Banner,50,Sup,5 Mythic,Offhand,Banner,,,,,12,,,,,,,,,,,,,,,,,,8,,,11,6,9,,,,,,,,,,,Crafted,
169,Woodworker,Imb. Oak Banner,Rad,35,FALSE,35/Oak,50,01/Linen,40,,,,,Summit Oak Banner,50,Sup,5 Mythic,Offhand,Banner,,,,,,,,,,,,,,,,,,,,,,,14,,,11,6,9,,6,,,,,,,,,Crafted,
170,Woodworker,Imb. Oak Banner,Rad,45,FALSE,35/Oak,50,01/Linen,40,,,,,Summit Oak Banner,50,Sup,5 Mythic,Offhand,Banner,,,,,,,,,,,,,,,,,,,,,,,14,,,11,9,9,,6,,,,,,,,,Crafted,
171,Woodworker,Imb. Oak Banner,Rad,50,TRUE,35/Oak,50,01/Linen,40,,,,,Summit Oak Banner,50,Sup,5 Mythic,Offhand,Banner,,,,,,,,,,,,,,,,,,,,,,,14,,,11,9,9,,6,,,,,,,,,Crafted,
172,Woodworker,Imb. Oak Banner,Rad,35,FALSE,35/Oak,50,10/Cotton,50,,,,,Summit Oak Banner,50,Sup,5 Mythic,Offhand,Banner,,,,,,,,,,,,,,,,,,,,,,,8,,,11,12,9,,6,,,,,,,,,Crafted,
173,Woodworker,Imb. Oak Banner,Rad,45,TRUE,35/Oak,50,10/Cotton,50,,,,,Summit Oak Banner,50,Sup,5 Mythic,Offhand,Banner,,,,,,,,,,,,,,,,,,,,,,,8,,,11,12,9,,6,,,,,,,,,Crafted,
174,Woodworker,Imb. Oak Banner,Rad,50,FALSE,35/Oak,50,10/Cotton,50,,,,,Summit Oak Banner,50,Sup,5 Mythic,Offhand,Banner,,,,,,,,,,,,,,,,,,,,,,,8,,,11,15,9,,6,,,,,,,,,Crafted,
175,Woodworker,Imb. Oak Banner,Rad,35,FALSE,35/Oak,50,20/Ramie,40,,,,,Summit Oak Banner,50,Sup,5 Mythic,Offhand,Banner,,,,,,,,,,,,,,,,,,,,,,,8,,,11,9,6,3,,,,,,,,,,Crafted,
176,Woodworker,Imb. Oak Banner,Rad,45,FALSE,35/Oak,50,20/Ramie,40,,,,,Summit Oak Banner,50,Sup,5 Mythic,Offhand,Banner,,,,,,,,,,,,,,,,,,,,,,,8,,,11,12,6,3,,,,,,,,,,Crafted,
177,Woodworker,Imb. Oak Banner,Rad,50,TRUE,35/Oak,50,20/Ramie,40,,,,,Summit Oak Banner,50,Sup,5 Mythic,Offhand,Banner,,,,,,,,,,,,,,,,,,,,,,,8,,,11,12,6,3,,,,,,,,,,Crafted,
178,Woodworker,Imb. Oak Banner,Rad,35,FALSE,35/Oak,50,30/Jute,50,,,,,Summit Oak Banner,50,Sup,5 Mythic,Offhand,Banner,,,,,6,,,,,,,,,,,,,,,,,,8,,,11,6,12,6,,,,,,,,,,Crafted,
179,Woodworker,Imb. Oak Banner,Rad,45,FALSE,35/Oak,50,30/Jute,50,,,,,Summit Oak Banner,50,Sup,5 Mythic,Offhand,Banner,,,,,6,,,,,,,,,,,,,,,,,,8,,,11,9,12,6,,,,,,,,,,Crafted,
180,Woodworker,Imb. Oak Banner,Rad,50,FALSE,35/Oak,50,30/Jute,50,,,,,Summit Oak Banner,50,Sup,5 Mythic,Offhand,Banner,,,,,6,,,,,,,,,,,,,,,,,,8,,,11,9,15,6,,,,,,,,,,Crafted,
181,Woodworker,Imb. Oak Banner,Rad,35,FALSE,35/Oak,50,40/Hemp,40,,,,,Summit Oak Banner,50,Sup,5 Mythic,Offhand,Banner,,,,,9,,,,,,,,,,,,,,,,,,8,,,11,12,6,,,,,,,,,,,Crafted,
182,Woodworker,Imb. Oak Banner,Rad,45,FALSE,35/Oak,50,40/Hemp,40,,,,,Summit Oak Banner,50,Sup,5 Mythic,Offhand,Banner,,,,,9,,,,,,,,,,,,,,,,,,8,,,11,15,6,,,,,,,,,,,Crafted,
183,Woodworker,Imb. Oak Banner,Rad,50,FALSE,35/Oak,50,40/Hemp,40,,,,,Summit Oak Banner,50,Sup,5 Mythic,Offhand,Banner,,,,,9,,,,,,,,,,,,,,,,,,8,,,11,18,6,,,,,,,,,,,Crafted,
184,Woodworker,Imb. Oak Banner,Rad,35,FALSE,35/Oak,50,50/Abaca,50,,,,,Summit Oak Banner,50,Sup,5 Mythic,Offhand,Banner,,,,,,,,,,,,,,,,,,,,,,,17,,,11,6,6,,,,,,,,,,,Crafted,
185,Woodworker,Imb. Oak Banner,Rad,45,FALSE,35/Oak,50,50/Abaca,50,,,,,Summit Oak Banner,50,Sup,5 Mythic,Offhand,Banner,,,,,,,,,,,,,,,,,,,,,,,20,,,11,9,6,,,,,,,,,,,Crafted,
186,Woodworker,Imb. Oak Banner,Rad,50,FALSE,35/Oak,50,50/Abaca,50,,,,,Summit Oak Banner,50,Sup,5 Mythic,Offhand,Banner,,,,,,,,,,,,,,,,,,,,,,,20,,,14,9,6,,,,,,,,,,,Crafted,
187,Woodworker,Imb. Oak Banner,Rad,35,FALSE,35/Oak,50,05/Silk,45,,,,,Summit Oak Banner,50,Sup,5 Mythic,Offhand,Banner,,,,,9,,,,,,,,,,,,,,,,,,8,,,11,6,6,6,,,,,,,,,,Crafted,
188,Woodworker,Imb. Oak Banner,Rad,45,FALSE,35/Oak,50,05/Silk,45,,,,,Summit Oak Banner,50,Sup,5 Mythic,Offhand,Banner,,,,,12,,,,,,,,,,,,,,,,,,8,,,11,9,6,9,,,,,,,,,,Crafted,
189,Woodworker,Imb. Oak Banner,Rad,50,TRUE,35/Oak,50,05/Silk,45,,,,,Summit Oak Banner,50,Sup,5 Mythic,Offhand,Banner,,,,,12,,,,,,,,,,,,,,,,,,8,,,11,9,6,9,,,,,,,,,,Crafted,
190,Woodworker,Imb. Oak Banner,Rad,35,FALSE,35/Oak,50,05/Mandrake,50,,,,,Summit Oak Banner,50,Sup,5 Mythic,Offhand,Banner,,,,,9,,,,,,,,,,,,,,,,,,8,,,11,6,12,,,,,,,,,,,Crafted,
191,Woodworker,Imb. Oak Banner,Rad,45,FALSE,35/Oak,50,05/Mandrake,50,,,,,Summit Oak Banner,50,Sup,5 Mythic,Offhand,Banner,,,,,12,,,,,,,,,,,,,,,,,,8,,,11,9,12,,,,,,,,,,,Crafted,
192,Woodworker,Imb. Oak Banner,Rad,50,FALSE,35/Oak,50,05/Mandrake,50,,,,,Summit Oak Banner,50,Sup,5 Mythic,Offhand,Banner,,,,,12,,,,,,,,,,,,,,,,,,8,,,11,9,15,,,,,,,,,,,Crafted,
193,Woodworker,Imb. Elm Banner,Rad,35,FALSE,38/Elm,50,01/Linen,40,,,,,Summit Elm Banner,50,Sup,5 Mythic,Offhand,Banner,,,,,6,,,,,,,,,,,,,,,,,,14,,,8,,9,6,6,,,,,,,,,Crafted,
194,Woodworker,Imb. Elm Banner,Rad,45,FALSE,38/Elm,50,01/Linen,40,,,,,Summit Elm Banner,50,Sup,5 Mythic,Offhand,Banner,,,,,6,,,,,,,,,,,,,,,,,,14,,,8,,12,6,6,,,,,,,,,Crafted,
195,Woodworker,Imb. Elm Banner,Rad,50,TRUE,38/Elm,50,01/Linen,40,,,,,Summit Elm Banner,50,Sup,5 Mythic,Offhand,Banner,,,,,6,,,,,,,,,,,,,,,,,,14,,,8,,12,6,6,,,,,,,,,Crafted,
196,Woodworker,Imb. Elm Banner,Rad,35,FALSE,38/Elm,50,10/Cotton,50,,,,,Summit Elm Banner,50,Sup,5 Mythic,Offhand,Banner,,,,,6,,,,,,,,,,,,,,,,,,8,,,11,6,12,6,6,,,,,,,,,Crafted,
197,Woodworker,Imb. Elm Banner,Rad,45,FALSE,38/Elm,50,10/Cotton,50,,,,,Summit Elm Banner,50,Sup,5 Mythic,Offhand,Banner,,,,,6,,,,,,,,,,,,,,,,,,8,,,11,6,12,6,6,,,,,,,,,Crafted,
198,Woodworker,Imb. Elm Banner,Rad,50,TRUE,38/Elm,50,10/Cotton,50,,,,,Summit Elm Banner,50,Sup,5 Mythic,Offhand,Banner,,,,,6,,,,,,,,,,,,,,,,,,8,,,11,6,15,6,6,,,,,,,,,Crafted,
199,Woodworker,Imb. Elm Banner,Rad,35,FALSE,38/Elm,50,20/Ramie,40,,,,,Summit Elm Banner,50,Sup,5 Mythic,Offhand,Banner,,,,,6,,,,,,,,,,,,,,,,,,8,,,8,3,6,9,,,,,,,,,,Crafted,
200,Woodworker,Imb. Elm Banner,Rad,45,FALSE,38/Elm,50,20/Ramie,40,,,,,Summit Elm Banner,50,Sup,5 Mythic,Offhand,Banner,,,,,6,,,,,,,,,,,,,,,,,,8,,,8,3,9,9,,,,,,,,,,Crafted,
201,Woodworker,Imb. Elm Banner,Rad,50,TRUE,38/Elm,50,20/Ramie,40,,,,,Summit Elm Banner,50,Sup,5 Mythic,Offhand,Banner,,,,,6,,,,,,,,,,,,,,,,,,8,,,8,3,9,9,,,,,,,,,,Crafted,
202,Woodworker,Imb. Elm Banner,Rad,35,FALSE,38/Elm,50,30/Jute,50,,,,,Summit Elm Banner,50,Sup,5 Mythic,Offhand,Banner,,,,,12,,,,,,,,,,,,,,,,,,8,,,8,,12,9,,,,,,,,,,Crafted,
203,Woodworker,Imb. Elm Banner,Rad,45,FALSE,38/Elm,50,30/Jute,50,,,,,Summit Elm Banner,50,Sup,5 Mythic,Offhand,Banner,,,,,12,,,,,,,,,,,,,,,,,,8,,,8,,18,9,,,,,,,,,,Crafted,
204,Woodworker,Imb. Elm Banner,Rad,50,TRUE,38/Elm,50,30/Jute,50,,,,,Summit Elm Banner,50,Sup,5 Mythic,Offhand,Banner,,,,,12,,,,,,,,,,,,,,,,,,8,,,8,,18,9,,,,,,,,,,Crafted,
205,Woodworker,Imb. Elm Banner,Rad,35,FALSE,38/Elm,50,40/Hemp,40,,,,,Summit Elm Banner,50,Sup,5 Mythic,Offhand,Banner,,,,,15,,,,,,,,,,,,,,,,,,8,,,8,6,6,6,,,,,,,,,,Crafted,
206,Woodworker,Imb. Elm Banner,Rad,45,FALSE,38/Elm,50,40/Hemp,40,,,,,Summit Elm Banner,50,Sup,5 Mythic,Offhand,Banner,,,,,15,,,,,,,,,,,,,,,,,,8,,,8,6,9,6,,,,,,,,,,Crafted,
207,Woodworker,Imb. Elm Banner,Rad,50,TRUE,38/Elm,50,40/Hemp,40,,,,,Summit Elm Banner,50,Sup,5 Mythic,Offhand,Banner,,,,,15,,,,,,,,,,,,,,,,,,8,,,8,6,9,6,,,,,,,,,,Crafted,
208,Woodworker,Imb. Elm Banner,Rad,35,FALSE,38/Elm,50,50/Abaca,50,,,,,Summit Elm Banner,50,Sup,5 Mythic,Offhand,Banner,,,,,6,,,,,,,,,,,,,,,,,,17,,,11,,6,6,,,,,,,,,,Crafted,
209,Woodworker,Imb. Elm Banner,Rad,45,FALSE,38/Elm,50,50/Abaca,50,,,,,Summit Elm Banner,50,Sup,5 Mythic,Offhand,Banner,,,,,6,,,,,,,,,,,,,,,,,,20,,,11,,9,6,,,,,,,,,,Crafted,
210,Woodworker,Imb. Elm Banner,Rad,50,TRUE,38/Elm,50,50/Abaca,50,,,,,Summit Elm Banner,50,Sup,5 Mythic,Offhand,Banner,,,,,6,,,,,,,,,,,,,,,,,,20,,,11,,9,6,,,,,,,,,,Crafted,
211,Woodworker,Imb. Elm Banner,Rad,35,FALSE,38/Elm,50,05/Silk,45,,,,,Summit Elm Banner,50,Sup,5 Mythic,Offhand,Banner,,,,,15,,,,,,,,,,,,,,,,,,8,,,8,,6,12,,,,,,,,,,Crafted,
212,Woodworker,Imb. Elm Banner,Rad,45,FALSE,38/Elm,50,05/Silk,45,,,,,Summit Elm Banner,50,Sup,5 Mythic,Offhand,Banner,,,,,18,,,,,,,,,,,,,,,,,,8,,,8,,9,12,,,,,,,,,,Crafted,
213,Woodworker,Imb. Elm Banner,Rad,50,TRUE,38/Elm,50,05/Silk,45,,,,,Summit Elm Banner,50,Sup,5 Mythic,Offhand,Banner,,,,,18,,,,,,,,,,,,,,,,,,8,,,8,,9,12,,,,,,,,,,Crafted,
214,Woodworker,Imb. Elm Banner,Rad,35,FALSE,38/Elm,50,05/Mandrake,50,,,,,Summit Elm Banner,50,Sup,5 Mythic,Offhand,Banner,,,,,15,,,,,,,,,,,,,,,,,,8,,,8,,12,6,,,,,,,,,,Crafted,
215,Woodworker,Imb. Elm Banner,Rad,45,FALSE,38/Elm,50,05/Mandrake,50,,,,,Summit Elm Banner,50,Sup,5 Mythic,Offhand,Banner,,,,,18,,,,,,,,,,,,,,,,,,8,,,8,,18,6,,,,,,,,,,Crafted,
216,Woodworker,Imb. Elm Banner,Rad,50,TRUE,38/Elm,50,05/Mandrake,50,,,,,Summit Elm Banner,50,Sup,5 Mythic,Offhand,Banner,,,,,18,,,,,,,,,,,,,,,,,,8,,,8,,18,6,,,,,,,,,,Crafted,
217,Woodworker,Imb. Yew Banner,Rad,35,FALSE,40/Yew,50,01/Linen,40,,,,,Yew Banner,50,Sup,5 Mythic,Offhand,Banner,,,,,9,,,,,,,,,,,,,,,,,,14,,,8,,3,,12,,,,,,,,,Crafted,
218,Woodworker,Imb. Yew Banner,Rad,45,FALSE,40/Yew,50,01/Linen,40,,,,,Yew Banner,50,Sup,5 Mythic,Offhand,Banner,,,,,12,,,,,,,,,,,,,,,,,,14,,,8,,3,,12,,,,,,,,,Crafted,
219,Woodworker,Imb. Yew Banner,Rad,50,TRUE,40/Yew,50,01/Linen,40,,,,,Yew Banner,50,Sup,5 Mythic,Offhand,Banner,,,,,12,,,,,,,,,,,,,,,,,,14,,,8,,3,,12,,,,,,,,,Crafted,
220,Woodworker,Imb. Yew Banner,Rad,35,FALSE,40/Yew,50,10/Cotton,50,,,,,Yew Banner,50,Sup,5 Mythic,Offhand,Banner,,,,,9,,,,,,,,,,,,,,,,,,8,,,11,6,6,,12,,,,,,,,,Crafted,
221,Woodworker,Imb. Yew Banner,Rad,45,FALSE,40/Yew,50,10/Cotton,50,,,,,Yew Banner,50,Sup,5 Mythic,Offhand,Banner,,,,,12,,,,,,,,,,,,,,,,,,8,,,11,6,6,,12,,,,,,,,,Crafted,
222,Woodworker,Imb. Yew Banner,Rad,50,TRUE,40/Yew,50,10/Cotton,50,,,,,Yew Banner,50,Sup,5 Mythic,Offhand,Banner,,,,,12,,,,,,,,,,,,,,,,,,8,,,11,6,6,,12,,,,,,,,,Crafted,
223,Woodworker,Imb. Yew Banner,Rad,35,FALSE,40/Yew,50,20/Ramie,40,,,,,Yew Banner,50,Sup,5 Mythic,Offhand,Banner,,,,,9,,,,,,,,,,,,,,,,,,8,,,8,3,,3,6,,,,,,,,,Crafted,
224,Woodworker,Imb. Yew Banner,Rad,45,FALSE,40/Yew,50,20/Ramie,40,,,,,Yew Banner,50,Sup,5 Mythic,Offhand,Banner,,,,,12,,,,,,,,,,,,,,,,,,8,,,8,3,,3,6,,,,,,,,,Crafted,
225,Woodworker,Imb. Yew Banner,Rad,50,TRUE,40/Yew,50,20/Ramie,40,,,,,Yew Banner,50,Sup,5 Mythic,Offhand,Banner,,,,,12,,,,,,,,,,,,,,,,,,8,,,8,3,,3,6,,,,,,,,,Crafted,
226,Woodworker,Imb. Yew Banner,Rad,35,FALSE,40/Yew,50,30/Jute,50,,,,,Yew Banner,50,Sup,5 Mythic,Offhand,Banner,,,,,15,,,,,,,,,,,,,,,,,,8,,,8,,6,6,6,,,,,,,,,Crafted,
227,Woodworker,Imb. Yew Banner,Rad,45,FALSE,40/Yew,50,30/Jute,50,,,,,Yew Banner,50,Sup,5 Mythic,Offhand,Banner,,,,,18,,,,,,,,,,,,,,,,,,8,,,8,,9,6,6,,,,,,,,,Crafted,
228,Woodworker,Imb. Yew Banner,Rad,50,TRUE,40/Yew,50,30/Jute,50,,,,,Yew Banner,50,Sup,5 Mythic,Offhand,Banner,,,,,18,,,,,,,,,,,,,,,,,,8,,,8,,9,6,6,,,,,,,,,Crafted,
229,Woodworker,Imb. Yew Banner,Rad,35,FALSE,40/Yew,50,40/Hemp,40,,,,,Yew Banner,50,Sup,5 Mythic,Offhand,Banner,,,,,18,,,,,,,,,,,,,,,,,,8,,,8,6,,,6,,,,,,,,,Crafted,
230,Woodworker,Imb. Yew Banner,Rad,45,FALSE,40/Yew,50,40/Hemp,40,,,,,Yew Banner,50,Sup,5 Mythic,Offhand,Banner,,,,,21,,,,,,,,,,,,,,,,,,8,,,8,6,,,6,,,,,,,,,Crafted,
231,Woodworker,Imb. Yew Banner,Rad,50,TRUE,40/Yew,50,40/Hemp,40,,,,,Yew Banner,50,Sup,5 Mythic,Offhand,Banner,,,,,21,,,,,,,,,,,,,,,,,,8,,,8,6,,,6,,,,,,,,,Crafted,
232,Woodworker,Imb. Yew Banner,Rad,35,FALSE,40/Yew,50,50/Abaca,50,,,,,Yew Banner,50,Sup,5 Mythic,Offhand,Banner,,,,,9,,,,,,,,,,,,,,,,,,17,,,11,,,,6,,,,,,,,,Crafted,
233,Woodworker,Imb. Yew Banner,Rad,45,FALSE,40/Yew,50,50/Abaca,50,,,,,Yew Banner,50,Sup,5 Mythic,Offhand,Banner,,,,,12,,,,,,,,,,,,,,,,,,20,,,11,,,,6,,,,,,,,,Crafted,
234,Woodworker,Imb. Yew Banner,Rad,50,TRUE,40/Yew,50,50/Abaca,50,,,,,Yew Banner,50,Sup,5 Mythic,Offhand,Banner,,,,,12,,,,,,,,,,,,,,,,,,20,,,11,,,,6,,,,,,,,,Crafted,
235,Woodworker,Imb. Yew Banner,Rad,35,FALSE,40/Yew,50,05/Silk,45,,,,,Yew Banner,50,Sup,5 Mythic,Offhand,Banner,,,,,18,,,,,,,,,,,,,,,,,,8,,,8,,,6,6,,,,,,,,,Crafted,
236,Woodworker,Imb. Yew Banner,Rad,45,FALSE,40/Yew,50,05/Silk,45,,,,,Yew Banner,50,Sup,5 Mythic,Offhand,Banner,,,,,21,,,,,,,,,,,,,,,,,,8,,,8,,,9,6,,,,,,,,,Crafted,
237,Woodworker,Imb. Yew Banner,Rad,50,FALSE,40/Yew,50,05/Silk,45,,,,,Yew Banner,50,Sup,5 Mythic,Offhand,Banner,,,,,24,,,,,,,,,,,,,,,,,,8,,,8,,,9,6,,,,,,,,,Crafted,
238,Woodworker,Imb. Yew Banner,Rad,35,FALSE,40/Yew,50,05/Mandrake,50,,,,,Yew Banner,50,Sup,5 Mythic,Offhand,Banner,,,,,18,,,,,,,,,,,,,,,,,,8,,,8,,6,,6,,,,,,,,,Crafted,
239,Woodworker,Imb. Yew Banner,Rad,45,FALSE,40/Yew,50,05/Mandrake,50,,,,,Yew Banner,50,Sup,5 Mythic,Offhand,Banner,,,,,21,,,,,,,,,,,,,,,,,,8,,,8,,9,,6,,,,,,,,,Crafted,
240,Woodworker,Imb. Yew Banner,Rad,50,FALSE,40/Yew,50,05/Mandrake,50,,,,,Yew Banner,50,Sup,5 Mythic,Offhand,Banner,,,,,24,,,,,,,,,,,,,,,,,,8,,,8,,9,,6,,,,,,,,,Crafted,
241,Woodworker,Imb. Ironwood Banner,Rad,35,FALSE,50/Ironwood,50,01/Linen,40,,,,,Summit Ironwood Banner,50,Sup,5 Mythic,Offhand,Banner,,,,,,,,,,,,,,,,,,,,,,,14,,,11,,9,,6,,,,,,,,,Crafted,
242,Woodworker,Imb. Ironwood Banner,Rad,45,FALSE,50/Ironwood,50,01/Linen,40,,,,,Summit Ironwood Banner,50,Sup,5 Mythic,Offhand,Banner,,,,,,,,,,,,,,,,,,,,,,,14,,,11,,12,,6,,,,,,,,,Crafted,
243,Woodworker,Imb. Ironwood Banner,Rad,50,TRUE,50/Ironwood,50,01/Linen,40,,,,,Summit Ironwood Banner,50,Sup,5 Mythic,Offhand,Banner,,,,,,,,,,,,,,,,,,,,,,,14,,,11,,12,,6,,,,,,,,,Crafted,
244,Woodworker,Imb. Ironwood Banner,Rad,35,FALSE,50/Ironwood,50,10/Cotton,50,,,,,Summit Ironwood Banner,50,Sup,5 Mythic,Offhand,Banner,,,,,,,,,,,,,,,,,,,,,,,8,,,11,6,12,,6,,,,,,,,,Crafted,
245,Woodworker,Imb. Ironwood Banner,Rad,45,TRUE,50/Ironwood,50,10/Cotton,50,,,,,Summit Ironwood Banner,50,Sup,5 Mythic,Offhand,Banner,,,,,,,,,,,,,,,,,,,,,,,8,,,11,6,12,,6,,,,,,,,,Crafted,
246,Woodworker,Imb. Ironwood Banner,Rad,50,FALSE,50/Ironwood,50,10/Cotton,50,,,,,Summit Ironwood Banner,50,Sup,5 Mythic,Offhand,Banner,,,,,,,,,,,,,,,,,,,,,,,8,,,14,6,16,,6,,,,,,,,,Crafted,
247,Woodworker,Imb. Ironwood Banner,Rad,35,FALSE,50/Ironwood,50,20/Ramie,40,,,,,Summit Ironwood Banner,50,Sup,5 Mythic,Offhand,Banner,,,,,,,,,,,,,,,,,,,,,,,8,,,11,3,6,3,,,,,,,,,,Crafted,
248,Woodworker,Imb. Ironwood Banner,Rad,45,FALSE,50/Ironwood,50,20/Ramie,40,,,,,Summit Ironwood Banner,50,Sup,5 Mythic,Offhand,Banner,,,,,,,,,,,,,,,,,,,,,,,8,,,11,3,9,3,,,,,,,,,,Crafted,
249,Woodworker,Imb. Ironwood Banner,Rad,50,TRUE,50/Ironwood,50,20/Ramie,40,,,,,Summit Ironwood Banner,50,Sup,5 Mythic,Offhand,Banner,,,,,,,,,,,,,,,,,,,,,,,8,,,11,3,9,3,,,,,,,,,,Crafted,
250,Woodworker,Imb. Ironwood Banner,Rad,35,FALSE,50/Ironwood,50,30/Jute,50,,,,,Summit Ironwood Banner,50,Sup,5 Mythic,Offhand,Banner,,,,,6,,,,,,,,,,,,,,,,,,8,,,11,,12,6,,,,,,,,,,Crafted,
251,Woodworker,Imb. Ironwood Banner,Rad,45,FALSE,50/Ironwood,50,30/Jute,50,,,,,Summit Ironwood Banner,50,Sup,5 Mythic,Offhand,Banner,,,,,6,,,,,,,,,,,,,,,,,,8,,,11,,18,6,,,,,,,,,,Crafted,
252,Woodworker,Imb. Ironwood Banner,Rad,50,TRUE,50/Ironwood,50,30/Jute,50,,,,,Summit Ironwood Banner,50,Sup,5 Mythic,Offhand,Banner,,,,,6,,,,,,,,,,,,,,,,,,8,,,11,,18,6,,,,,,,,,,Crafted,
253,Woodworker,Imb. Ironwood Banner,Rad,35,FALSE,50/Ironwood,50,40/Hemp,40,,,,,Summit Ironwood Banner,50,Sup,5 Mythic,Offhand,Banner,,,,,9,,,,,,,,,,,,,,,,,,8,,,11,6,6,,,,,,,,,,,Crafted,
254,Woodworker,Imb. Ironwood Banner,Rad,45,FALSE,50/Ironwood,50,40/Hemp,40,,,,,Summit Ironwood Banner,50,Sup,5 Mythic,Offhand,Banner,,,,,9,,,,,,,,,,,,,,,,,,8,,,11,6,9,,,,,,,,,,,Crafted,
255,Woodworker,Imb. Ironwood Banner,Rad,50,TRUE,50/Ironwood,50,40/Hemp,40,,,,,Summit Ironwood Banner,50,Sup,5 Mythic,Offhand,Banner,,,,,9,,,,,,,,,,,,,,,,,,8,,,11,6,9,,,,,,,,,,,Crafted,
256,Woodworker,Imb. Ironwood Banner,Rad,35,FALSE,50/Ironwood,50,50/Abaca,50,,,,,Summit Ironwood Banner,50,Sup,5 Mythic,Offhand,Banner,,,,,,,,,,,,,,,,,,,,,,,17,,,14,,6,,,,,,,,,,,Crafted,
257,Woodworker,Imb. Ironwood Banner,Rad,45,FALSE,50/Ironwood,50,50/Abaca,50,,,,,Summit Ironwood Banner,50,Sup,5 Mythic,Offhand,Banner,,,,,,,,,,,,,,,,,,,,,,,20,,,14,,9,,,,,,,,,,,Crafted,
258,Woodworker,Imb. Ironwood Banner,Rad,50,TRUE,50/Ironwood,50,50/Abaca,50,,,,,Summit Ironwood Banner,50,Sup,5 Mythic,Offhand,Banner,,,,,,,,,,,,,,,,,,,,,,,20,,,14,,9,,,,,,,,,,,Crafted,
259,Woodworker,Imb. Ironwood Banner,Rad,35,FALSE,50/Ironwood,50,05/Silk,45,,,,,Summit Ironwood Banner,50,Sup,5 Mythic,Offhand,Banner,,,,,9,,,,,,,,,,,,,,,,,,8,,,11,,6,6,,,,,,,,,,Crafted,
260,Woodworker,Imb. Ironwood Banner,Rad,45,FALSE,50/Ironwood,50,05/Silk,45,,,,,Summit Ironwood Banner,50,Sup,5 Mythic,Offhand,Banner,,,,,12,,,,,,,,,,,,,,,,,,8,,,11,,9,9,,,,,,,,,,Crafted,
261,Woodworker,Imb. Ironwood Banner,Rad,50,TRUE,50/Ironwood,50,05/Silk,45,,,,,Summit Ironwood Banner,50,Sup,5 Mythic,Offhand,Banner,,,,,12,,,,,,,,,,,,,,,,,,8,,,11,,9,9,,,,,,,,,,Crafted,
262,Woodworker,Imb. Ironwood Banner,Rad,35,FALSE,50/Ironwood,50,05/Mandrake,50,,,,,Summit Ironwood Banner,50,Sup,5 Mythic,Offhand,Banner,,,,,9,,,,,,,,,,,,,,,,,,8,,,11,,12,,,,,,,,,,,Crafted,
263,Woodworker,Imb. Ironwood Banner,Rad,45,FALSE,50/Ironwood,50,05/Mandrake,50,,,,,Summit Ironwood Banner,50,Sup,5 Mythic,Offhand,Banner,,,,,12,,,,,,,,,,,,,,,,,,8,,,11,,18,,,,,,,,,,,Crafted,
264,Woodworker,Imb. Ironwood Banner,Rad,50,TRUE,50/Ironwood,50,05/Mandrake,50,,,,,Summit Ironwood Banner,50,Sup,5 Mythic,Offhand,Banner,,,,,12,,,,,,,,,,,,,,,,,,8,,,11,,18,,,,,,,,,,,Crafted,